word	Frecuencia
año	238491
país	129284
ver	108665
caso	104077
vida	99674
hombre	99413
forma	89709
pasar	81786
decir	81417
presidente	80909
hacer	80862
mujer	80354
mundo	79600
querer	78200
llegar	78054
español	76766
dejar	75731
nacional	74847
partido	74687
persona	74423
grupo	74151
público	73227
quedar	72917
ir	69959
mano	68887
punto	67295
millón	67011
problema	67008
dar	66517
social	66275
política	63645
político	63499
obra	60249
salir	59295
ciudad	57841
encontrar	57646
volver	57120
seguir	57101
pensar	56301
sistema	55497
importante	55323
tipo	55317
mes	55311
económico	54121
agua	52502
cambio	52158
derecho	52077
alto	52018
situación	51961
frente	51762
hablar	51682
noche	51409
poner	50010
tomar	49773
empresa	49310
historia	49026
padre	48826
venir	48423
fuerza	48375
proceso	48077
centro	47924
relación	47434
único	47095
vivir	45745
parecer	45700
esperar	45362
servicio	45153
producir	45081
palabra	44983
pueblo	44404
hijo	43894
mantener	43733
pequeño	42712
cuerpo	42505
permitir	42456
siglo	42381
nombre	42303
mirar	42025
sociedad	41986
llevar	41879
presentar	41646
llamar	41205
acción	41198
ojo	40890
creer	40669
puesto	40633
humano	40546
niño	40358
número	40321
él	40017
gente	39965
ministro	39767
semana	39736
realidad	39643
nivel	39181
tierra	38852
libro	38748
programa	38726
equipo	38070
joven	37937
resultado	37934
desarrollo	37845
proyecto	37714
guerra	37711
recordar	37429
saber	37367
actividad	37299
razón	37286
necesario	37234
familia	37230
estudio	37201
zona	37063
idea	36974
tema	36611
muerte	36399
entrar	36386
madre	36306
internacional	36174
condición	36092
paso	35902
interés	35897
comenzar	35864
principio	35524
cabeza	35518
calle	35439
mañana	35301
señor	35288
información	35063
sector	34983
voz	34930
don	34913
buscar	34770
sentir	34613
puerta	34514
medida	34168
militar	34146
efecto	34018
director	33859
movimiento	33706
preguntar	33607
posibilidad	33519
mercado	33506
empezar	33377
viejo	33329
fondo	33183
orden	32987
pedir	32975
luz	32523
resultar	32505
aparecer	32376
tratar	32148
policía	32068
peseta	31979
hora	31776
real	31737
principal	31734
imagen	31681
miembro	31191
llamado	30919
blanco	30832
recibir	30629
actual	30343
papel	30257
amigo	30213
especial	30189
falta	30156
comisión	30114
campo	29999
necesidad	29927
cosa	29629
camino	29362
organización	28998
seguridad	28906
minuto	28812
negro	28738
comunidad	28707
figura	28627
acabar	28530
europeo	28171
capital	28164
banco	27916
decisión	27870
producto	27744
mayoría	27730
perder	27694
espacio	27544
interior	27433
servir	27350
futuro	27262
fuente	27250
función	27249
personal	27055
oficial	26998
investigación	26737
popular	26716
juego	26660
objetivo	26553
duda	26526
libertad	26487
base	26349
clase	26326
abrir	26316
contar	26313
arte	26267
medio	26187
lograr	26126
conocer	25918
difícil	25808
pie	25688
ocasión	25668
ocurrir	25641
objeto	25560
elección	25464
central	25454
ofrecer	25452
menor	25403
jefe	25292
causa	25271
población	25109
cultura	25038
presente	25030
música	24950
dio	24900
producción	24893
médico	24881
recurso	24831
autor	24783
dinero	24716
línea	24714
dirección	24699
aspecto	24653
precio	24485
fuerte	24485
muerto	24376
color	24301
convertir	24291
santo	24247
vista	24165
presencia	24083
distinto	24011
considerar	23962
asunto	23934
autoridad	23891
resto	23773
civil	23767
elemento	23638
cara	23582
consecuencia	23455
acto	23435
visto	23418
carácter	23390
gustar	23320
dólar	23287
diario	23211
posición	23199
peso	23191
dato	23144
argentino	23039
julio	22998
francés	22930
gracia	22925
hecho	22893
natural	22871
economía	22818
común	22714
caer	22628
conocido	22574
edad	22519
cambiar	22507
época	22496
superior	22483
conjunto	22470
libre	22467
experiencia	22423
rey	22257
especie	22255
región	22164
seguro	22156
alcanzar	22111
mostrar	22107
llegado	22033
comunicación	21967
carta	21932
capacidad	21837
cumplir	21824
serie	21813
reunión	21743
técnica	21713
antiguo	21627
mundial	21590
contrario	21532
término	21505
entender	21392
obtener	21345
control	21269
cargo	21258
socialista	21240
enfermedad	21233
cantidad	21219
opinión	21180
referir	21179
defensa	21175
profesional	21168
suponer	21139
prueba	21129
respuesta	21096
utilizar	21064
ganar	21051
aire	20981
terminar	20960
jugar	20931
artículo	20925
prensa	20886
cuarto	20880
justicia	20838
poder	20820
privado	20786
local	20726
abierto	20716
físico	20635
crisis	20482
malo	20451
cuadro	20437
evitar	20422
realizar	20137
mesa	20096
operación	20053
compañía	20042
ministerio	20040
unidad	19999
televisión	19932
izquierda	19900
escribir	19887
norteamericano	19811
exterior	19788
cuestión	19695
área	19637
administración	19536
continuar	19504
juez	19478
material	19473
largo	19456
paciente	19394
institución	19391
salud	19270
escuela	19253
cultural	19251
paz	19251
trabajador	19228
película	19206
decidir	19205
establecer	19188
morir	19179
estructura	19164
metro	19137
necesitar	19051
educación	19023
energía	19012
ayuda	18969
actitud	18948
esfuerzo	18938
nación	18933
silencio	18894
muestra	18840
texto	18829
conocimiento	18813
histórico	18811
responder	18770
constituir	18745
atención	18734
allá	18720
importancia	18655
apoyo	18479
científico	18474
explicar	18427
encuentro	18419
formar	18418
modelo	18386
origen	18381
hermano	18373
declaración	18351
suelo	18342
extranjero	18273
calidad	18144
capaz	18043
lucha	18034
práctica	17995
título	17921
secretario	17910
determinado	17864
ciencia	17853
brazo	17837
máximo	17827
bajo	17727
escrito	17711
solución	17660
cine	17505
animal	17493
campaña	17454
iniciar	17447
propuesta	17444
cabo	17444
sueño	17443
río	17442
fecha	17442
contenido	17426
naturaleza	17407
grave	17401
ejército	17386
sol	17298
mar	17268
especialmente	17189
reforma	17187
informe	17136
materia	17055
motivo	16999
personaje	16990
régimen	16983
duro	16950
electoral	16869
interno	16860
entrada	16850
marco	16849
éxito	16844
señal	16745
correr	16693
incluir	16680
carrera	16665
expresión	16651
concepto	16645
organismo	16632
vuelta	16616
pobre	16592
radio	16586
sangre	16558
domingo	16523
particular	16514
vía	16490
ambiente	16485
dirigente	16474
familiar	16471
corte	16467
parte	16455
soler	16446
reconocer	16402
formación	16391
fiscal	16389
diputado	16359
característica	16321
crear	16223
cámara	16216
responsable	16197
democrático	16181
representar	16159
dolor	16152
factor	16137
tribunal	16134
boca	16132
mínimo	16124
doctor	16097
tercero	16003
afirmar	15986
américa	15975
período	15950
documento	15945
planta	15942
grado	15914
arma	15887
precisamente	15886
técnico	15866
señalar	15831
existencia	15826
ciudadano	15817
jugador	15806
líder	15726
industria	15712
suficiente	15708
tratamiento	15642
teatro	15583
directo	15570
mirada	15557
aumentar	15556
asociación	15541
lleno	15523
dispuesto	15502
construcción	15480
etapa	15469
crecimiento	15426
dirigir	15393
actuar	15380
puerto	15369
deseo	15367
sala	15317
noticia	15317
perdido	15294
riesgo	15293
plazo	15281
derecha	15271
asegurar	15244
representante	15234
momento	15190
amplio	15184
sacar	15167
industrial	15151
propiedad	15138
funcionario	15126
vino	15118
claro	15118
fácil	15080
rojo	15064
levantar	15029
hija	15014
escuchar	14997
profundo	14988
observar	14988
inversión	14966
leer	14960
desarrollar	14948
señora	14945
norte	14848
candidato	14839
salida	14803
sufrir	14777
frío	14748
tiempo	14732
pleno	14725
ejecutivo	14707
participación	14681
visita	14622
página	14585
juicio	14570
finalmente	14563
marcha	14525
comercial	14492
fundamental	14481
municipal	14434
armado	14429
alemán	14391
mitad	14390
voto	14377
sur	14353
significar	14350
grande	14284
periodista	14278
participar	14252
responsabilidad	14247
curso	14234
aumento	14177
dicho	14165
crítica	14135
miedo	14130
terreno	14116
oportunidad	14101
contacto	14092
existir	14063
tarea	14055
simple	14024
comercio	14008
pagar	13995
valor	13993
mayo	13912
maestro	13896
financiero	13890
acerca	13883
anunciar	13882
memoria	13816
conflicto	13814
análisis	13763
venta	13759
presión	13743
democracia	13705
vecino	13659
periódico	13630
corazón	13629
compañero	13604
pretender	13586
mayor	13575
inmediato	13559
golpe	13554
mexicano	13518
diferenciar	13506
cama	13502
profesor	13431
carne	13399
ocupar	13394
completo	13325
isla	13325
negocio	13322
estudiar	13317
oposición	13306
pese	13274
declarar	13266
aceptar	13252
secreto	13252
teoría	13230
suceder	13222
sujeto	13221
favor	13195
extremo	13176
hospital	13166
enero	13152
artista	13147
destacar	13141
conciencia	13134
atrás	13115
rostro	13113
dificultad	13098
fenómeno	13093
circunstancia	13091
demanda	13068
victoria	13067
pensamiento	13066
novela	13051
estilo	13047
lengua	13027
diciembre	13026
fuego	13025
ingreso	13017
preciso	13010
provocar	12999
mejor	12944
creación	12934
altura	12919
adecuado	12914
ejercicio	12900
lista	12896
concreto	12895
previsto	12869
negociación	12855
error	12845
indicar	12845
suerte	12808
club	12805
método	12790
enorme	12785
corto	12760
capítulo	12755
demostrar	12725
guardia	12700
revolución	12691
norma	12672
cielo	12669
voluntad	12647
corresponder	12631
sitio	12631
edificio	12623
departamento	12577
traer	12573
seguido	12554
coche	12531
herido	12490
cifra	12482
criterio	12479
plano	12477
entidad	12461
normal	12436
gesto	12406
distancia	12393
asimismo	12388
aplicación	12383
tocar	12379
serio	12372
permanecer	12351
primero	12343
junio	12339
agente	12328
tratado	12301
pena	12267
próximo	12264
octubre	12264
fiesta	12256
judicial	12233
inglés	12225
fútbol	12223
conversación	12218
flor	12217
actuación	12214
beneficio	12180
escena	12145
década	12134
mensaje	12125
intención	12123
destino	12102
red	12090
pieza	12084
hotel	12068
extraño	12058
piedra	12057
exposición	12050
mover	12046
peligro	12034
comprender	11991
similar	11934
discurso	11915
absoluto	11903
religioso	11892
violencia	11890
presupuesto	11884
víctima	11878
provincia	11854
moral	11843
tradicional	11836
corriente	11807
andar	11798
exigir	11796
intervención	11780
pérdida	11761
general	11757
territorio	11751
nota	11737
individuo	11728
jamás	11714
gasto	11690
impuesto	11680
alimento	11679
doble	11679
gusto	11661
pintura	11656
reciente	11655
límite	11655
definitivo	11648
vehículo	11642
poseer	11635
oscuro	11622
competencia	11621
resolver	11567
consumo	11541
alma	11539
instrumento	11534
siguiente	11530
positivo	11521
básico	11503
rápido	11499
procedimiento	11481
escritor	11415
reunir	11407
estudiante	11389
vivo	11387
par	11356
detalle	11339
propósito	11333
instituto	11323
revista	11321
empresario	11315
disponer	11292
subir	11283
masa	11273
dirigido	11252
correspondiente	11230
abogado	11230
verde	11198
lenguaje	11195
numeroso	11180
oficina	11179
tendencia	11147
gestión	11141
oro	11123
presentado	11123
hoja	11121
versión	11101
abril	11081
moderno	11079
complejo	11079
pared	11067
producido	11056
referencia	11053
influencia	11040
sostener	11029
actor	11024
imposible	10994
realizado	10975
labor	10973
marzo	10964
disposición	10954
reacción	10934
jornada	10931
sentimiento	10922
cubano	10893
septiembre	10892
anterior	10865
intentar	10831
kilómetro	10822
italiano	10813
puro	10798
ataque	10790
superficie	10779
alcalde	10778
piel	10768
visión	10763
sombra	10762
temporada	10756
cerrado	10754
celebrar	10753
pierna	10728
representación	10718
trabajo	10674
conducta	10671
niña	10667
teléfono	10648
vacío	10645
trabajar	10639
depender	10638
frase	10615
tradición	10610
oír	10602
ventana	10598
chino	10594
caballo	10587
sensación	10564
compromiso	10556
comité	10534
transporte	10527
noviembre	10525
conducir	10523
proponer	10520
palacio	10514
crédito	10512
enfermo	10508
contrato	10506
advertir	10503
habitación	10498
temperatura	10478
viento	10477
doña	10475
manifestación	10468
rico	10447
esperanza	10445
cadena	10444
justo	10430
utilizado	10423
regional	10419
fase	10402
negativo	10394
específico	10391
canal	10376
colegio	10372
instante	10350
matar	10334
ritmo	10323
comunista	10321
tono	10321
surgir	10291
colectivo	10289
barrio	10288
soldado	10280
ámbito	10280
pago	10276
nacer	10253
debate	10244
citado	10232
ley	10224
delito	10222
jurídico	10204
diálogo	10198
comienzo	10189
intelectual	10189
dedo	10184
ayuntamiento	10177
negar	10166
sindicato	10161
selección	10159
urbano	10158
relacionado	10153
espíritu	10151
legal	10124
lunes	10115
empleado	10072
verano	10067
árbol	10067
mecanismo	10064
agosto	10057
azul	10053
alumno	10049
cerrar	10040
entrevista	10035
poeta	10018
lugar	10007
droga	10005
contener	10000
triunfo	9993
vender	9975
impedir	9887
raíz	9867
realmente	9862
afectado	9852
afectar	9841
sábado	9839
activo	9824
considerado	9821
ventaja	9816
instalación	9815
catalán	9808
estrategia	9798
directamente	9788
vestido	9760
apoyar	9753
viernes	9750
comida	9740
confianza	9730
personalidad	9705
iniciativa	9690
marido	9684
caber	9684
caja	9683
frecuencia	9670
espalda	9655
totalmente	9634
establecido	9607
descubrir	9602
clásico	9586
piso	9570
final	9567
marca	9562
evidente	9552
escenario	9544
unir	9528
esposa	9525
entero	9512
generación	9501
volumen	9499
acceso	9493
previo	9490
detener	9490
dormir	9469
protección	9459
comer	9453
echar	9451
deber	9444
detenido	9437
vivienda	9435
franco	9434
dedicado	9430
pertenecer	9429
presidencia	9416
febrero	9413
firma	9408
lógico	9380
junto	9375
pareja	9372
carretera	9344
museo	9335
federal	9328
evolución	9319
vasco	9319
superar	9312
pan	9302
pelo	9297
crecer	9291
deuda	9283
toro	9282
sentar	9276
defender	9263
tasa	9259
reducir	9258
constante	9251
independiente	9244
destinado	9241
determinar	9238
externo	9234
avión	9227
hermana	9221
café	9205
elevado	9185
oferta	9185
abajo	9150
cercano	9132
bajar	9115
diferencia	9099
tecnología	9096
original	9094
calor	9092
mamá	9091
perspectiva	9066
casa	9063
querido	9052
sesión	9050
clave	9048
definir	9042
sonido	9039
abandonar	9038
obligado	9030
sexual	9025
feliz	9014
aplicar	9004
aparato	9000
consistir	8990
ropa	8988
posterior	8960
oído	8946
eléctrico	8939
estrella	8937
titular	8931
habitual	8922
rato	8920
respeto	8916
hallar	8901
cárcel	8900
famoso	8891
parlamentario	8887
literatura	8877
comportamiento	8873
edición	8865
asamblea	8860
musical	8856
convertido	8853
órgano	8841
enemigo	8832
inferior	8817
amenaza	8811
artístico	8807
signo	8804
cuidado	8789
preparar	8786
división	8783
loco	8770
bolsa	8769
fin	8769
colocar	8766
muchacho	8760
fotografía	8758
audiencia	8751
preocupación	8745
opción	8738
repetir	8735
seco	8721
actualidad	8715
laboral	8692
expresar	8691
recoger	8677
constitucional	8675
acudir	8672
requerir	8663
leche	8651
interesante	8642
desear	8629
individual	8617
recibido	8608
costumbre	8594
añadir	8590
regresar	8580
parque	8577
accidente	8575
carga	8569
informar	8564
británico	8556
lector	8550
deportivo	8542
decidido	8540
categoría	8513
banda	8499
deporte	8493
espectáculo	8491
frecuente	8466
explicación	8443
dedicar	8409
falso	8409
importar	8397
medicina	8388
agencia	8384
semejante	8380
enfrentar	8376
permanente	8374
relativo	8359
foto	8353
simplemente	8353
adquirir	8344
aceite	8341
situado	8335
fig	8324
género	8315
inicial	8312
cubierto	8302
haber	8296
margen	8289
lluvia	8287
posible	8285
sorpresa	8283
tensión	8272
huelga	8269
prácticamente	8261
imponer	8245
alianza	8243
publicado	8222
gobernador	8207
manifestar	8196
tomado	8187
recién	8178
fórmula	8170
habitante	8164
conclusión	8163
ausencia	8160
denuncia	8158
concepción	8157
daño	8155
escaso	8131
dimensión	8127
gol	8125
llevado	8119
compra	8116
grito	8115
efectivo	8107
concluir	8100
frontera	8082
madera	8043
elegido	8038
gritar	8032
solicitar	8014
velocidad	8013
argumento	8011
acontecimiento	7993
contribuir	7982
tamaño	7976
pecho	7971
jardín	7964
tío	7943
regla	7940
estatal	7906
temor	7901
letra	7901
construir	7900
independencia	7868
hombro	7865
impresión	7847
esencial	7823
salón	7812
célula	7791
probablemente	7781
revelar	7780
mejorar	7753
martes	7750
obligación	7731
supremo	7724
enseñanza	7720
formado	7716
cliente	7714
insistir	7707
ruido	7697
posteriormente	7693
cocina	7679
máquina	7677
misión	7670
interpretación	7665
síntoma	7656
igualmente	7656
protagonista	7651
acompañado	7649
estación	7641
montaña	7639
reina	7639
parecido	7638
identidad	7616
aparte	7613
hacienda	7605
encargado	7592
experto	7584
anual	7559
significativo	7556
enviar	7553
auténtico	7526
olvidar	7525
contestar	7514
partida	7509
canción	7508
acompañar	7499
unido	7495
revolucionario	7487
disco	7484
pacto	7476
funcionamiento	7470
pintor	7467
comprobar	7466
reserva	7456
aparición	7455
excepción	7443
registro	7436
sustancia	7434
protesta	7434
sección	7430
ideal	7411
existente	7401
incremento	7397
liga	7396
costo	7395
lectura	7391
componente	7387
católico	7386
distribución	7377
suma	7372
aprender	7367
avance	7361
sede	7354
plata	7353
liberal	7346
estadounidense	7343
jueves	7338
portavoz	7328
crítico	7326
concentración	7325
publicar	7314
bello	7293
huevo	7289
incluido	7289
punta	7287
situar	7282
continuación	7279
confirmar	7279
dado	7263
chico	7263
gas	7249
obrero	7248
federación	7234
bien	7233
asistir	7217
fe	7217
romper	7194
lanzar	7189
índice	7182
preparado	7181
ser	7172
interesar	7154
filosofía	7151
marino	7144
colombiano	7135
introducir	7133
amar	7112
luna	7098
facultad	7082
postura	7067
asesinato	7066
virtud	7056
excelente	7055
presentación	7051
comprar	7044
ayudar	7042
discusión	7038
significado	7037
localidad	7033
acaso	7031
acuerdo	7029
búsqueda	7028
crimen	7026
occidental	7025
vaso	7023
testigo	7016
socio	7013
cuello	6996
espejo	6991
resolución	6986
meter	6979
labio	6974
guardar	6971
indio	6966
ciclo	6961
logrado	6956
cita	6947
notable	6946
matrimonio	6942
cristiano	6934
compuesto	6926
código	6925
generalmente	6906
caída	6904
barco	6902
desarrollado	6889
misterio	6881
convenio	6872
creado	6863
faltar	6860
porcentaje	6858
controlar	6851
intervenir	6847
acercar	6843
nacido	6830
reducción	6825
culpa	6824
sentado	6822
batalla	6819
comentario	6805
mental	6796
miércoles	6790
pregunta	6776
espectador	6772
colaboración	6766
mente	6764
sentencia	6762
educativo	6758
consideración	6750
múltiple	6730
coincidir	6720
chileno	6704
decreto	6700
recuperar	6689
pasión	6680
dueño	6663
obligar	6659
establecimiento	6654
únicamente	6651
entrega	6636
asumir	6627
triste	6624
vuelto	6624
intenso	6624
desconocido	6623
hermoso	6616
literario	6615
funcionar	6608
plan	6605
juventud	6601
caliente	6595
campesino	6589
pendiente	6586
organizado	6584
inicio	6576
inmediatamente	6573
círculo	6567
paisaje	6564
automóvil	6556
rueda	6553
femenino	6551
publicación	6550
firme	6545
equilibrio	6535
ruso	6528
presidencial	6527
aprovechar	6523
sencillo	6502
ocurrido	6501
integración	6500
perfectamente	6500
útil	6496
desaparecer	6492
recuperación	6485
ánimo	6481
calificar	6480
composición	6463
perfecto	6460
petición	6457
hogar	6456
sonrisa	6444
chica	6443
fruto	6438
preso	6434
mandar	6433
claramente	6414
vuelo	6402
tabla	6400
terrorista	6400
horno	6387
depresión	6382
policial	6380
cuenta	6379
peligroso	6377
patria	6372
corrupción	6370
belleza	6370
prisión	6368
especialista	6367
cadáver	6361
auto	6361
autónomo	6359
sindical	6356
esquema	6356
conservar	6354
papá	6344
rasgo	6335
plato	6330
segundo	6324
admitir	6322
relato	6320
tráfico	6316
transformación	6312
ordenar	6312
modificación	6309
potencia	6299
atentado	6297
azúcar	6292
reflexión	6281
pista	6281
agregar	6276
interesado	6263
realización	6260
gobierno	6256
muchacha	6253
clínico	6244
resistencia	6242
coronel	6241
reconocimiento	6240
universal	6233
playa	6230
observación	6226
investigador	6215
despertar	6211
moneda	6205
concierto	6203
alegría	6200
religión	6183
silla	6181
ejemplar	6169
poesía	6161
salario	6154
seguramente	6150
caminar	6149
generar	6145
fijar	6142
municipio	6131
clima	6129
mando	6123
conseguir	6115
publicidad	6107
eficaz	6086
nervioso	6085
alcance	6077
capitán	6070
puente	6068
brillante	6067
latino	6067
garantía	6065
torre	6062
sexo	6059
ganado	6050
cooperación	6047
productor	6045
radical	6041
universitario	6037
planeta	6034
preferir	6032
utilización	6032
apertura	6027
anuncio	6025
solidaridad	6015
sometido	6005
mencionado	6003
encontrado	6001
consciente	6000
americano	5980
obtenido	5980
tren	5979
cultivo	5975
atender	5973
senador	5969
dulce	5965
conseguido	5952
telefónico	5947
acusación	5946
emoción	5945
liberación	5942
capa	5940
rama	5934
acusado	5934
lento	5931
escala	5915
disciplina	5915
conde	5914
renunciar	5906
alcohol	5904
cubrir	5903
extraordinario	5903
consulta	5895
contexto	5890
curioso	5886
diplomático	5882
juzgado	5865
rival	5857
exportación	5856
exceso	5855
raro	5850
borde	5842
avanzar	5841
hambre	5837
regular	5835
retirar	5826
elaboración	5825
débil	5819
costar	5813
tranquilo	5809
vicepresidente	5807
tía	5805
pausa	5794
aventura	5785
bastar	5783
hueso	5779
proceder	5777
alternativo	5772
columna	5770
paro	5758
intensidad	5744
exigencia	5744
madrugada	5736
rápidamente	5732
invitado	5730
poema	5727
símbolo	5712
desnudo	5712
entorno	5711
registrar	5702
incorporar	5697
motor	5692
tiro	5681
proporción	5672
amarillo	5672
cristal	5670
amistad	5670
procedente	5669
turismo	5665
impulso	5665
cantar	5660
aclarar	5657
meta	5652
ajeno	5645
editorial	5644
viajar	5642
dominio	5631
presunto	5628
ensayo	5625
nuevamente	5622
reducido	5614
núcleo	5610
coger	5600
completamente	5599
madrileño	5593
propietario	5586
recientemente	5585
roca	5584
dependencia	5581
elegir	5581
despacho	5575
salvar	5572
variedad	5569
adoptar	5568
tienda	5563
conservador	5560
organizar	5546
dibujo	5531
mezcla	5530
periodo	5526
geografía	5526
entregar	5509
moda	5507
festival	5503
colonia	5492
taza	5489
coste	5483
príncipe	5482
seno	5479
apartado	5472
rechazar	5467
mejora	5464
terrible	5464
usuario	5463
traje	5461
ilusión	5450
productivo	5448
nuclear	5448
secretaría	5447
ácido	5446
tejido	5444
gubernamental	5422
convenir	5417
gana	5414
honor	5403
placer	5394
continuo	5394
infantil	5388
griego	5385
escalera	5378
analizar	5377
diente	5376
consejero	5375
variable	5372
terminado	5371
amiga	5369
fiel	5366
evidencia	5354
instrucción	5353
inmenso	5351
favorable	5349
totalidad	5346
aprobado	5345
anciano	5339
agricultura	5328
contemporáneo	5325
lesión	5324
emisión	5320
inteligencia	5318
baño	5312
bandera	5311
vital	5305
apuntar	5303
olor	5303
cerebro	5294
preparación	5286
basado	5276
abuelo	5272
risa	5272
botella	5272
bomba	5267
obispo	5264
global	5255
informativo	5251
absolutamente	5249
contemplar	5246
instancia	5245
polvo	5241
humor	5240
enfrentamiento	5238
conformar	5233
naturalmente	5232
fracaso	5231
ceremonia	5222
soviético	5221
creciente	5220
efectuar	5214
violento	5210
caracterizar	5206
fila	5205
delegado	5196
regreso	5195
proteína	5190
déficit	5186
quitar	5186
suave	5179
valer	5177
solar	5167
reconocido	5157
diseño	5152
suceso	5152
galería	5151
cumbre	5150
correcto	5146
testimonio	5145
potencial	5144
provincial	5144
merecer	5136
planteamiento	5134
fundamentalmente	5132
gloria	5129
compartir	5126
universo	5123
escanda	5114
alteración	5106
secundario	5101
definitivamente	5092
teórico	5083
extender	5079
concesión	5077
prima	5077
recorrido	5074
bloque	5071
ejercer	5068
llorar	5067
oreja	5066
comunicado	5062
derrota	5053
colección	5051
amante	5049
cierre	5048
lejano	5047
combate	5047
definición	5042
escolar	5035
retrato	5032
ambiental	5023
formal	5022
dosis	5021
exclusivamente	5016
embajador	5011
muro	5011
idioma	5010
rodilla	5010
inflación	5004
residencia	4993
soledad	4992
eficacia	4989
respectivamente	4985
garantizar	4975
rural	4971
impacto	4960
peruano	4958
tender	4956
fábrica	4954
facilidad	4952
ocupado	4949
denominado	4938
exactamente	4935
autonomía	4935
comentar	4930
nacionalista	4929
agrícola	4927
especializado	4917
eje	4915
celebrado	4911
asistencia	4903
líquido	4901
probable	4898
duración	4890
defensor	4883
petróleo	4867
invierno	4865
laboratorio	4863
tecnológico	4860
encuesta	4855
venezolano	4855
nacimiento	4851
pedido	4850
preocupar	4848
nariz	4847
kilo	4846
inútil	4846
extensión	4845
bar	4844
tesis	4840
afirmación	4839
desaparecido	4836
pantalla	4828
paseo	4819
administrativo	4815
facilitar	4814
implicar	4813
ideológico	4811
atractivo	4806
visitar	4806
cálculo	4804
ejecución	4801
episodio	4799
incidente	4792
oy	4792
químico	4790
plantear	4787
tirar	4781
imperio	4779
convencido	4778
ruta	4776
imaginación	4770
estabilidad	4767
castellano	4765
adolescente	4762
tarjeta	4762
orgullo	4753
músico	4751
reflejar	4745
sonreír	4744
reflejo	4742
fruta	4740
emisora	4735
limpio	4734
visitante	4734
condenado	4731
abundante	4723
distrito	4714
claridad	4701
estímulo	4700
redacción	4699
solicitud	4696
canto	4696
estético	4694
empresarial	4691
novedad	4689
cura	4684
beber	4681
hierro	4675
riqueza	4670
grasa	4669
sonar	4665
senado	4663
promedio	4661
temporal	4659
cometido	4654
patio	4653
otan	4652
tropa	4644
consumidor	4641
nube	4640
mencionar	4639
integrado	4635
académico	4627
hipótesis	4626
sólido	4621
cruzar	4618
árabe	4612
músculo	4607
orquesta	4605
monte	4590
diagnóstico	4589
expectativa	4582
rechazo	4578
colega	4568
pesado	4567
ilegal	4567
limitar	4566
restaurante	4563
respectivo	4563
supuesto	4560
romano	4559
excesivo	4558
institucional	4557
sacerdote	4556
retirado	4555
distinguir	4554
progreso	4553
remedio	4545
vegetal	4544
piloto	4544
fortuna	4529
aeropuerto	4528
abuela	4524
marcado	4516
camión	4516
rendimiento	4505
templo	4504
adulto	4502
republicano	4502
subrayar	4500
sanción	4499
difusión	4499
cucharada	4493
mantenimiento	4490
latinoamericano	4482
estrecho	4481
pobreza	4475
bolsillo	4474
prestigio	4473
patrón	4469
transición	4466
uniforme	4465
cumplimiento	4465
cantante	4455
gris	4451
pensión	4444
avenida	4443
lentamente	4443
satisfacción	4442
medicamento	4436
mentira	4431
paquete	4429
viaje	4429
dictadura	4428
comunitario	4419
salto	4419
vigente	4417
indígena	4411
cáncer	4406
hilo	4401
descenso	4400
entusiasmo	4396
ideología	4396
recuerdo	4391
iniciado	4391
variación	4390
explotación	4387
manejo	4384
judío	4375
imaginar	4372
asiento	4372
aprobación	4371
aprobar	4366
acusar	4357
luchar	4351
representado	4351
conveniente	4344
mediado	4339
candidatura	4335
rumor	4333
acordar	4326
torneo	4323
parcial	4322
universidad	4310
enseñar	4299
polémica	4299
particularmente	4295
atmósfera	4295
pasillo	4295
descubierto	4294
conductor	4288
estadio	4282
infección	4281
efectivamente	4280
circulación	4279
separar	4273
sospecha	4271
aficionado	4268
rincón	4268
campeón	4264
manifiesto	4255
feria	4251
exponer	4248
trato	4246
trastorno	4245
taller	4245
hábito	4237
sanitario	4236
ingrediente	4225
humanidad	4219
fácilmente	4218
conceder	4218
poderoso	4214
infancia	4211
sensible	4210
obstáculo	4208
rayo	4206
pasado	4206
rumbo	4205
verso	4201
ejemplo	4201
decisivo	4191
legislación	4189
plástico	4186
magistrado	4184
limitación	4173
campeonato	4170
operar	4169
tela	4167
demostrado	4167
justificar	4165
pájaro	4162
promesa	4159
sierra	4157
alimentación	4151
esquina	4150
expansión	4149
exclusivo	4146
vacaciones	4145
alcanzado	4144
clasificación	4142
reloj	4140
banca	4138
concejal	4135
ingeniero	4134
corredor	4121
arena	4120
anteriormente	4115
comandante	4109
cotidiano	4106
contradicción	4105
homenaje	4104
gravedad	4100
limitado	4095
importación	4089
espectacular	4087
mero	4082
baja	4080
litro	4080
sensibilidad	4080
lágrima	4080
estancia	4075
héroe	4075
profundidad	4074
emitir	4072
anunciado	4066
autonómico	4065
disminuir	4063
expediente	4061
tabaco	4060
renta	4057
concurso	4057
nave	4053
angustia	4050
directivo	4050
restante	4044
terrorismo	4040
cigarrillo	4037
trasladar	4031
sacrificio	4029
evaluación	4027
felicidad	4026
modalidad	4025
oscuridad	4019
aportación	4017
culpable	4012
describir	4006
virus	4006
caballero	4002
incapaz	3999
previamente	3998
combinación	3994
partidario	3993
destacado	3992
permiso	3989
vivido	3989
cena	3988
raza	3982
ampliación	3981
noble	3981
sufrido	3979
fino	3975
orilla	3972
teniente	3967
viajero	3965
vencer	3963
equivalente	3962
corona	3962
incendio	3960
llave	3959
dignidad	3951
depósito	3951
crónica	3948
docente	3945
fantasma	3944
defecto	3944
biblioteca	3940
militante	3936
humo	3933
firmar	3929
espacial	3929
ancho	3925
cartel	3923
cuerda	3922
cuota	3917
fresco	3914
precisar	3912
ópera	3911
continuidad	3911
cualidad	3911
pantalón	3907
cuadrado	3904
tonelada	3903
igual	3902
dama	3898
gen	3893
comprensión	3893
metal	3891
logro	3891
convocatoria	3891
profesión	3888
regalo	3888
plante	3887
entrenamiento	3886
requisito	3885
gato	3877
bebida	3873
coalición	3872
descanso	3871
promoción	3868
aprendizaje	3865
identificar	3864
continente	3861
tarifa	3860
síntesis	3858
ligero	3846
evento	3845
arquitectura	3838
visible	3838
aislado	3836
integrante	3836
mineral	3835
orientación	3835
destrucción	3833
bancario	3832
primavera	3830
confusión	3829
huella	3825
proporcionar	3824
financiación	3822
panorama	3821
guerrillero	3819
permitido	3818
relativamente	3814
disponible	3809
celebración	3808
ordenador	3801
disparo	3798
anoche	3797
cabello	3797
disminución	3796
vinculado	3785
separado	3784
oculto	3784
inquietud	3782
afuerar	3780
milagro	3776
curiosidad	3775
mediodía	3775
arco	3770
circuito	3770
placa	3769
creador	3767
absurdo	3765
ernesto	3761
embajada	3759
patrimonio	3759
proteger	3758
mérito	3758
juvenil	3756
fantasía	3754
construido	3748
carecer	3747
onda	3746
palma	3739
adelantar	3737
sueldo	3735
centenar	3735
compositor	3734
desaparición	3733
colaborador	3728
gira	3724
aéreo	3724
sumar	3723
precedente	3716
maniobra	3709
semilla	3708
aceptado	3707
investigar	3707
cinta	3702
temer	3700
criminal	3699
genético	3697
pensado	3696
programación	3694
prever	3693
estable	3692
durar	3692
definido	3686
sorprender	3683
integrar	3682
inocente	3682
dios	3677
aliado	3676
estructural	3676
conexión	3672
cobrar	3672
mandato	3669
mapa	3667
creencia	3663
oriental	3663
verdadero	3662
beso	3660
suficientemente	3658
consenso	3657
necesariamente	3656
eterno	3645
fama	3644
casado	3641
emperador	3639
mecánico	3639
intérprete	3633
curva	3632
harina	3631
aportar	3627
igualdad	3626
avanzado	3623
varón	3623
pecado	3621
sabor	3621
oeste	3618
posesión	3616
vídeo	3616
pata	3616
delegación	3616
mito	3611
bolívar	3609
fundamento	3606
israelí	3604
lateral	3602
copia	3600
carro	3599
setenta	3599
agresión	3598
leve	3596
legislativo	3590
reglamento	3589
suizo	3581
primario	3580
vigor	3579
lujo	3574
corresponsal	3571
asesino	3568
percepción	3562
león	3557
fijo	3554
ala	3552
perro	3551
rigor	3542
recorrer	3540
escultura	3539
estadística	3537
plaza	3534
prestar	3533
digno	3533
ubicado	3533
vigilancia	3531
excepcional	3530
sucedido	3529
dominante	3528
archivo	3526
esencia	3526
variado	3524
rebelde	3524
exacto	3523
geográfico	3521
bonito	3521
eliminar	3520
brasileño	3519
guerrilla	3518
interpretar	3518
trámite	3516
medir	3514
adicional	3513
marcar	3511
tramo	3511
horario	3508
trozo	3508
dormido	3507
cortar	3505
denunciar	3504
caído	3502
visual	3498
dieta	3498
firmado	3497
comerciante	3495
asesor	3487
narcotráfico	3485
asistente	3481
xx	3478
dinámica	3474
arquitecto	3474
apreciar	3473
electrónico	3472
siquiera	3471
préstamo	3469
turno	3467
manejar	3466
constituido	3461
calma	3460
intercambio	3455
conservación	3454
combustible	3448
enviado	3446
odio	3443
olvidado	3440
pescado	3440
examen	3438
gobernante	3438
abuso	3437
registrado	3435
jugado	3433
zapato	3428
multitud	3428
precisión	3427
monetario	3419
rodear	3418
imprescindible	3416
revisión	3414
gota	3411
artificial	3406
baile	3405
secuencia	3400
aporte	3400
derivado	3400
entrenador	3400
esfera	3396
ángulo	3391
verdaderamente	3390
queja	3390
complicado	3389
estimar	3389
ave	3386
previsión	3384
profundamente	3382
danza	3381
ética	3380
ruptura	3378
identificación	3377
castigo	3374
percibir	3374
mortal	3369
tel	3367
sucesivo	3367
separación	3361
herramienta	3358
perfil	3358
recto	3355
apariencia	3355
respaldo	3352
masculino	3352
península	3351
violación	3347
pacífico	3346
horizonte	3345
bienestar	3343
ciego	3342
vitamina	3341
párrafo	3340
aparentemente	3338
condena	3337
lección	3337
detención	3335
camisa	3330
tragedia	3329
aspiración	3328
japonés	3327
transformar	3323
alternativa	3321
comparación	3318
tve	3313
rodeado	3312
sustituir	3308
masivo	3302
favorecer	3302
desgracia	3302
privilegio	3302
participante	3293
voluntario	3293
ciertamente	3291
sano	3286
contaminación	3279
íntimo	3277
terrestre	3275
elevar	3269
ligeramente	3261
humedad	3260
inconveniente	3259
queso	3252
grano	3246
autobús	3246
medalla	3245
ola	3245
tristeza	3245
lado	3244
delicado	3240
vergüenza	3239
opuesto	3236
fibra	3235
infinito	3234
socialismo	3234
satélite	3232
pluma	3228
trayectoria	3227
secuestro	3223
diablo	3222
inevitable	3219
cebolla	3217
suspensión	3214
alza	3212
descripción	3210
finalidad	3209
tomate	3208
actriz	3207
expuesto	3196
cola	3195
posiblemente	3193
amparo	3191
provocado	3191
prioridad	3190
maíz	3188
mancha	3185
infraestructura	3182
urgencia	3182
tranquilidad	3181
progresivo	3180
xviii	3180
torero	3178
causar	3176
experimento	3175
sexto	3174
nieve	3173
funcional	3172
atravesar	3171
terror	3166
ap	3164
incorporación	3159
antecedente	3158
grueso	3157
negociar	3156
bosque	3156
típico	3155
vocación	3155
observador	3154
piano	3154
normalmente	3154
instalado	3153
granada	3149
intento	3149
receptor	3148
licencia	3144
pasajero	3141
balance	3140
ganancia	3133
plenamente	3133
domicilio	3132
aceptación	3132
dramático	3126
km	3126
adiós	3108
fotógrafo	3106
oriente	3100
votación	3092
titulado	3092
divisa	3092
elemental	3090
gordo	3090
agudo	3090
emergencia	3088
subida	3088
premio	3087
quinto	3080
componer	3079
singular	3078
pelota	3074
parar	3071
preferencia	3071
convivencia	3062
mina	3061
guía	3060
ansiedad	3059
barrera	3059
inteligente	3058
ruina	3051
novio	3047
acceder	3046
olvido	3044
transferencia	3043
talento	3042
evidentemente	3041
sucio	3037
poético	3037
vanguardia	3032
magnífico	3031
cm	3029
casco	3028
invitar	3028
considerable	3027
cero	3027
dominar	3025
desierto	3025
exilio	3024
pretensión	3024
psicológico	3023
propuesto	3021
espiritual	3019
aplicado	3015
adaptación	3013
botón	3011
contraste	3006
adentro	3006
vela	3005
desempleo	3004
otorgar	3001
perteneciente	2999
prestación	2997
izquierdo	2997
salsa	2997
fragmento	2995
represión	2994
tesoro	2993
et	2993
pedazo	2992
locura	2990
transmitir	2989
recomendación	2989
modificar	2988
comisario	2987
buque	2987
novia	2987
caza	2987
proyección	2985
combatir	2981
doctrina	2980
ingresar	2975
abandono	2971
urss	2971
filósofo	2969
explosión	2966
renovación	2964
llenar	2964
muscular	2963
química	2961
transmisión	2961
variar	2955
corporación	2954
billete	2953
estricto	2951
usado	2949
determinación	2949
convencional	2948
pez	2942
rapidez	2940
sombrero	2940
estómago	2936
parado	2936
paciencia	2935
ronda	2935
escapar	2932
debilidad	2930
miseria	2928
indispensable	2928
sugerir	2927
otoño	2927
montar	2924
ocupación	2922
magnitud	2921
generalizado	2921
corrida	2920
biológico	2919
acá	2918
minoría	2916
fusión	2915
recogido	2913
limpieza	2913
prometer	2913
herencia	2912
pilar	2909
paralelo	2906
misa	2902
cariño	2901
deterioro	2897
utilidad	2897
culto	2897
calcular	2894
soberanía	2892
abandonado	2890
aniversario	2889
turista	2884
tránsito	2883
incidencia	2883
vigencia	2880
gráfico	2877
aparente	2877
saltar	2877
afán	2874
documentación	2867
prisa	2864
personalmente	2862
jurado	2861
legislador	2861
sagrado	2860
recurrir	2860
conquista	2858
escritura	2857
comando	2856
costado	2853
regulación	2852
oficialmente	2849
relevante	2846
historiador	2843
convicción	2842
ucd	2837
mercancía	2836
finanzas	2836
introducción	2835
turístico	2833
hallazgo	2833
reclamar	2831
esposo	2831
discutir	2830
declarado	2829
retorno	2824
pistola	2821
gerente	2821
cómodo	2820
planificación	2817
brusela	2816
constantemente	2813
censura	2812
art	2811
manzana	2811
resumen	2808
mágico	2804
nombrado	2803
maravillo	2796
energético	2793
movilización	2792
nicaragüense	2792
enfoque	2789
corporal	2784
reparto	2781
sumamente	2781
agrupación	2777
síndrome	2775
diversidad	2775
coordinación	2769
balón	2764
relieve	2763
urgente	2762
pasaje	2758
gramo	2757
mueble	2754
variante	2746
promover	2744
salvaje	2742
burguesía	2741
viuda	2736
móvil	2732
centímetro	2731
vínculo	2728
rubio	2727
fiebre	2727
acostumbrado	2724
longitud	2723
moderado	2723
circular	2721
cartera	2720
ajuste	2719
vientre	2718
andaluz	2716
soportar	2704
extenso	2702
fuga	2700
mensual	2699
metido	2698
convocado	2696
adquisición	2691
vidrio	2688
monumento	2685
sorprendente	2681
respiración	2679
resistir	2678
adn	2678
elaborado	2676
ajo	2675
basar	2675
provenir	2674
integral	2671
solitario	2671
pronunciar	2667
fallo	2666
recinto	2666
directiva	2661
agradable	2661
nombramiento	2657
húmedo	2656
indígeno	2656
fabricación	2655
señorita	2650
india	2649
comicio	2648
xvii	2648
autorización	2647
traslado	2641
boda	2641
caldo	2640
embarazo	2640
molécula	2636
casar	2635
monarquía	2634
molesto	2629
hierba	2625
habilidad	2622
ahorro	2620
divino	2618
cintura	2617
cinematográfico	2617
reservado	2615
basura	2612
alicia	2612
miel	2609
asociado	2606
cerveza	2606
mediano	2604
ampliar	2602
públicamente	2595
esclavo	2593
infierno	2592
foco	2591
tremendo	2585
sillón	2585
eliminación	2583
convocar	2575
té	2574
civilización	2573
válido	2572
valoración	2572
certeza	2570
demócrata	2570
justamente	2569
récord	2568
doméstico	2564
limón	2564
refugio	2564
libra	2562
constar	2561
deficiencia	2551
oxígeno	2550
complejidad	2550
sustitución	2549
prolongado	2548
reivindicación	2548
azar	2546
nervio	2546
confesar	2542
prisionero	2540
demonio	2537
recepción	2537
figurar	2533
propaganda	2531
calendario	2531
aliento	2528
significación	2524
inspector	2519
bala	2517
usar	2517
ascenso	2514
manera	2513
guión	2513
retraso	2509
leyenda	2507
dimisión	2506
mejilla	2506
eco	2505
revés	2502
fundado	2501
americana	2500
admiración	2499
comunicar	2495
publicitario	2491
instalar	2489
estrictamente	2489
plantilla	2488
mariano	2485
disfrutar	2482
perfección	2481
cancha	2480
vendedor	2478
mierda	2475
romántico	2475
encargar	2473
crema	2473
enterar	2472
repercusión	2472
denominar	2470
decena	2467
toque	2465
carbón	2464
rito	2463
cobertura	2458
padecer	2456
favorito	2453
alegre	2450
soporte	2447
gozar	2445
montaje	2444
ofensiva	2443
espada	2441
racional	2441
invasión	2440
puta	2439
sucesión	2437
acumulación	2437
afición	2436
entendido	2436
trimestre	2435
receta	2427
presidido	2425
consejo	2425
rango	2424
increíble	2424
partir	2417
disparar	2417
inesperado	2416
africano	2416
cementerio	2414
creativo	2413
hielo	2411
prevención	2411
transcurso	2405
frecuentemente	2401
rock	2400
confiar	2398
aviso	2398
asalto	2397
supervivencia	2395
perdón	2393
atento	2390
selva	2388
satisfacer	2387
distinción	2385
falla	2384
canciller	2382
dispositivo	2382
reto	2381
refugiado	2381
fraude	2379
orgánico	2379
seleccionado	2377
fiscalía	2377
capitalismo	2375
ligado	2375
sorprendido	2375
cansancio	2373
inicialmente	2372
normativa	2370
discípulo	2369
rabia	2369
reproducción	2369
célebre	2367
roto	2366
seguimiento	2366
intimidad	2363
doloroso	2362
cuenca	2361
drama	2357
consumir	2357
criticar	2356
colonial	2355
básicamente	2355
filme	2355
adquirido	2353
dorado	2353
densidad	2351
cuartel	2349
cuento	2349
prenda	2348
adversario	2348
barro	2344
asesinado	2344
llama	2344
trágico	2342
quinta	2342
entendimiento	2339
afrontar	2339
barra	2336
tumba	2335
procesado	2335
correo	2334
hectárea	2333
pasta	2332
simultáneamente	2331
probar	2330
almuerzo	2329
bahía	2328
vano	2327
primitivo	2327
horror	2326
seguidor	2326
permanencia	2323
pelea	2320
prd	2317
dormitorio	2316
redondo	2311
habitualmente	2308
incertidumbre	2308
listo	2301
sonoro	2301
privatización	2300
elegante	2299
and	2298
comedor	2295
peculiar	2294
simbólico	2293
teatral	2292
tronco	2292
empeño	2291
repetido	2291
influir	2290
tercio	2290
irregularidad	2289
alejar	2289
kg	2288
vapor	2287
razonable	2285
propiamente	2285
quibir	2280
ganador	2276
incapacidad	2274
invitación	2271
choque	2271
garganta	2271
productividad	2269
robo	2268
elaborar	2268
asombro	2264
respetar	2263
bailar	2261
bosnia	2259
tarde	2257
estratégico	2257
almacén	2257
manteca	2256
censo	2254
aislamiento	2248
manolo	2248
juzgar	2248
nocturno	2248
optar	2244
jugo	2244
enmienda	2243
amanecer	2242
huir	2242
notar	2241
genio	2237
satisfecho	2237
atlántico	2236
tentación	2235
entregado	2235
secretaria	2233
costa	2231
severo	2230
indicación	2230
inés	2228
provisional	2227
empate	2225
alarma	2225
cuchillo	2224
oral	2222
trama	2222
referente	2220
giro	2219
presa	2219
parto	2218
supuestamente	2218
noción	2217
directora	2217
futbolista	2216
cuero	2216
ciudadanía	2216
cocción	2212
modo	2212
sabiduría	2211
preocupado	2207
maldito	2207
problemática	2203
acento	2202
indiferencia	2201
helicóptero	2200
desastre	2198
fundar	2196
reuter	2196
citar	2195
sudor	2188
idéntico	2187
ficción	2186
ocultar	2185
comedia	2183
cortina	2183
desesperado	2182
manifestado	2180
fachada	2179
monto	2179
inspiración	2178
ternura	2175
cansado	2175
estallar	2171
reír	2170
planteado	2170
desesperación	2169
accionista	2169
montón	2168
tocado	2167
nacionalidad	2167
sufrimiento	2166
votar	2166
cerro	2166
broma	2165
afecto	2164
rol	2164
alba	2162
suicidio	2160
vertical	2160
mandatario	2159
psicología	2158
correspondencia	2155
pesca	2154
marchar	2154
electricidad	2153
bebé	2152
coro	2151
postre	2150
filosófico	2146
asilo	2146
alcaldía	2146
colocado	2145
contento	2145
hueco	2143
flujo	2143
bordo	2142
obtención	2142
peor	2141
endor	2141
solucionar	2140
delincuente	2139
capitalista	2139
mutuo	2137
informado	2136
film	2135
caos	2134
desafío	2134
territorial	2131
tormenta	2131
diana	2130
finca	2129
traducción	2129
rosario	2124
finalizar	2124
fuertemente	2123
contribución	2122
ajenar	2120
partícula	2119
madurez	2119
inmigrante	2117
incrementar	2114
confederación	2113
inspección	2113
celular	2111
gobernar	2111
cocaína	2110
terapia	2109
taxi	2104
uso	2104
ignorar	2102
acero	2101
importe	2101
altamente	2100
impresionante	2100
moder	2099
mediterráneo	2098
agenda	2098
picado	2097
balcón	2095
difícilmente	2094
lecho	2094
clarín	2091
plataforma	2090
sandinista	2088
vegetación	2088
fortaleza	2084
ignorancia	2083
cable	2076
prado	2076
persecución	2076
saco	2075
captura	2074
abundancia	2070
inauguración	2070
implantación	2067
optimismo	2065
completar	2065
malestar	2065
ridículo	2065
venganza	2063
ampliamente	2061
deriva	2060
emocional	2058
docena	2057
centroamérica	2056
arrancar	2055
desprecio	2054
convencer	2051
énfasis	2051
cobre	2051
concretamente	2050
mal	2048
financiamiento	2047
copa	2047
diámetro	2046
crudo	2041
nostalgia	2040
parcialmente	2039
ministra	2036
grabar	2036
indicio	2034
alrededor	2031
rescate	2031
referéndum	2029
sobrevivir	2028
competir	2028
lago	2025
casualidad	2023
contratación	2022
alivio	2022
alerta	2020
oportuno	2018
residir	2018
residuo	2015
trascendencia	2013
mortalidad	2012
probabilidad	2006
fidelidad	2004
ausente	2003
flota	2003
simpatía	2003
algodón	2002
eficiencia	1997
obvio	1997
estreno	1994
liderazgo	1993
lanzamiento	1990
operativo	1990
primo	1990
apellido	1989
modernización	1986
ironía	1986
cruel	1986
ofrecido	1985
coordinador	1985
bloqueo	1985
aborto	1984
puramente	1981
nacionalismo	1980
eventual	1980
reagan	1978
amable	1974
billón	1970
perjuicio	1969
brillo	1969
pañuelo	1968
excesivamente	1967
conducción	1967
excelencia	1966
expulsión	1963
últimamente	1962
cerebral	1962
desorden	1961
retiro	1961
expresado	1960
exclamar	1960
carencia	1959
hígado	1959
acercamiento	1958
cc	1957
prohibición	1956
normalidad	1955
bronce	1955
carbono	1953
transparente	1951
presidir	1951
magia	1948
disputa	1944
destruir	1942
cúpula	1942
consolidación	1938
inconsciente	1936
respectar	1935
podero	1932
sencillamente	1930
denominación	1929
verbal	1928
muchísimo	1926
inmóvil	1925
riego	1921
conferencia	1917
trago	1916
credibilidad	1915
seda	1915
pretexto	1911
firmeza	1911
inocencia	1909
escasez	1907
ritual	1906
indicado	1906
coincidencia	1905
rehén	1905
tubo	1905
colón	1899
vaticano	1897
continuamente	1897
convento	1895
cerdo	1895
esencialmente	1894
atribuir	1893
llanto	1892
desconfianza	1891
desayuno	1888
libremente	1886
fijado	1886
colaborar	1886
seriamente	1885
leir	1883
aparecido	1883
licenciado	1883
antena	1883
maestra	1883
iglesia	1882
tolerancia	1881
competición	1880
evaluar	1880
validez	1879
rentabilidad	1872
marcador	1872
abordar	1870
atracción	1869
prohibido	1868
configuración	1867
órbita	1866
gama	1866
creatividad	1864
jacque	1864
fujimori	1863
cosecha	1862
considerablemente	1862
pagado	1861
chocolate	1861
despedida	1861
superado	1860
detectar	1860
realismo	1859
descansar	1858
levantado	1858
fumar	1858
adhesión	1857
ubicación	1855
inseguridad	1854
mm	1854
cardenal	1853
salarial	1852
inclusive	1850
aproximación	1850
penumbra	1849
sumario	1847
trigo	1846
experimentado	1844
causado	1843
transparencia	1843
reposo	1841
cenar	1841
majestad	1839
reconstrucción	1837
formato	1836
insuficiente	1834
práctico	1832
celda	1831
residente	1830
políticamente	1828
pollo	1827
fundador	1827
imposibilidad	1826
enferma	1825
repertorio	1825
repetición	1825
revisar	1825
gala	1822
rector	1822
diariamente	1819
terraza	1815
escritorio	1814
esperado	1814
jerusalén	1813
enamorado	1813
capilla	1813
cerámica	1813
prevenir	1813
pico	1813
pesadilla	1812
suavemente	1812
duelo	1811
pánico	1810
delantero	1810
retórica	1809
invisible	1808
cirugía	1806
indudable	1806
designación	1805
jerarquía	1801
pusar	1798
trampa	1798
recomendar	1796
protagonismo	1795
antigüedad	1793
justificación	1789
fallecido	1788
reiterar	1787
específicamente	1787
dureza	1786
rebelión	1783
corregir	1782
aldea	1781
conveniencia	1781
expedición	1781
breve	1780
gasolina	1780
crecido	1779
pimienta	1778
dictador	1777
perejil	1776
presidenta	1776
realista	1775
ceder	1771
vinculación	1771
serenidad	1771
analista	1770
reforzar	1769
adopción	1768
extradición	1768
rehabilitación	1764
aplauso	1762
modernidad	1762
empleo	1761
áfrico	1761
invertir	1760
maquinaria	1760
discriminación	1760
semestre	1758
legalidad	1758
ambición	1757
comunismo	1756
fatal	1756
marqués	1756
frenar	1754
tenis	1753
gafas	1747
insecto	1745
lamentable	1745
sargento	1742
instinto	1741
falda	1740
envidia	1739
inscripción	1739
restricción	1739
demostración	1738
volar	1738
mención	1735
gigante	1735
uña	1732
espectro	1732
averiguar	1731
opinar	1731
pulso	1729
adolescencia	1729
complicación	1728
balanza	1727
gallego	1727
experimental	1727
caña	1727
constancia	1726
manipulación	1726
coherente	1725
seriedad	1722
portero	1722
merced	1720
patente	1720
óptico	1715
característico	1714
radicar	1713
jurisdicción	1712
horizontal	1712
asociar	1710
financiar	1710
captar	1709
suelto	1707
obsesión	1705
palestino	1702
confrontación	1700
sucesor	1698
horrible	1698
agujero	1698
reportaje	1697
divorcio	1696
menú	1696
cuidadosamente	1696
pescador	1696
grandeza	1695
emprender	1694
tapa	1693
árbitro	1693
tregua	1691
compañera	1690
popularidad	1689
surgido	1689
urna	1687
auge	1685
tradicionalmente	1685
barba	1685
sofá	1685
fresca	1685
celo	1685
biografía	1684
matiz	1684
independientemente	1684
desprender	1682
comprometido	1675
inminente	1674
princesa	1674
apuesta	1674
rosa	1673
humilde	1671
pce	1671
salvación	1670
eficiente	1670
irregular	1669
abiertamente	1668
complicidad	1667
amor	1666
radiación	1666
emplear	1665
innumerable	1663
insistencia	1661
tour	1658
furia	1657
pauta	1651
valorar	1650
encargo	1650
elector	1649
cese	1649
sed	1648
abrigo	1648
porvenir	1646
salina	1645
trayecto	1642
lanzado	1639
participado	1638
armar	1638
descrito	1637
ira	1637
corteza	1635
parámetro	1635
comprendido	1634
preferido	1634
prudencia	1634
equivaler	1631
liberalismo	1631
impulsar	1630
verdura	1629
unanimidad	1628
mantequilla	1627
sello	1627
caro	1624
injusticia	1623
saldo	1622
ríe	1620
calcio	1618
conocí	1617
arzobispo	1617
interacción	1616
proveniente	1615
cargado	1614
restauración	1613
túnel	1613
implicado	1613
deseado	1612
papas	1611
pariente	1611
comercialización	1610
rutina	1610
integridad	1610
correctamente	1609
timbre	1609
monopolio	1608
pc	1607
competitividad	1607
torno	1607
alusión	1607
aprovechamiento	1605
coherencia	1603
respirar	1602
designado	1601
atacar	1601
mentalidad	1601
impotencia	1600
sostenido	1600
plenitud	1599
anterioridad	1599
escaño	1599
conjuntamente	1599
transcurrir	1598
proposición	1597
consultar	1595
rtve	1593
especialidad	1593
fallecer	1592
esplendor	1591
joya	1589
narración	1588
manual	1585
juro	1584
enlace	1584
marxista	1583
vinir	1582
pta	1581
documental	1581
dotado	1581
altar	1580
porción	1580
practicar	1580
bono	1579
exactitud	1579
apartamento	1577
progresivamente	1577
envío	1576
catedrático	1576
sobra	1575
narrativa	1575
doler	1574
amplitud	1574
abarcar	1572
bola	1572
procedencia	1571
ordenado	1568
extinción	1567
veras	1566
adecuadamente	1566
sentimental	1563
buscado	1561
frustración	1561
trazado	1561
talla	1559
ingenio	1559
tim	1559
atardecer	1557
ejecutar	1557
colocación	1557
duque	1556
advertencia	1555
engaño	1555
dependiente	1554
exploración	1553
hondo	1553
comir	1552
optimista	1552
interminable	1552
dedicación	1552
saludo	1550
agricultor	1549
excusa	1548
bota	1548
lana	1545
pozo	1544
plomo	1543
inversor	1543
comarca	1542
debido	1541
cuidar	1538
lástimo	1537
víspera	1535
legitimidad	1533
elegancia	1533
cometer	1533
dictamen	1533
proximidad	1532
lazo	1532
quiebra	1532
brutal	1532
consiguiente	1530
acierto	1528
legislatura	1527
tortura	1527
administrador	1525
saint	1524
moción	1523
culo	1523
agrario	1522
conformidad	1522
abrazo	1522
umbral	1522
borracho	1521
traición	1521
cucharadita	1519
exhibición	1518
consistente	1518
franquismo	1517
efectividad	1516
notablemente	1515
lingüístico	1515
nuca	1514
parada	1513
confirmado	1513
reestructuración	1513
conversión	1512
niebla	1511
whisky	1511
terminal	1509
obviamente	1509
superioridad	1509
supresión	1509
inestabilidad	1508
revelación	1508
metáfora	1506
decoración	1503
negado	1502
natal	1502
identificado	1502
holandés	1500
prudente	1499
recuperado	1499
aroma	1499
capacitación	1498
musulmán	1498
sabio	1498
fármaco	1497
organizador	1496
absorción	1496
decadencia	1495
superficial	1494
manifestante	1494
cemento	1492
lavado	1492
solemne	1492
intermedio	1492
querella	1491
pronóstico	1488
lentitud	1488
encanto	1488
sutil	1486
debidamente	1486
inclusión	1485
oración	1485
equivocado	1485
serbio	1484
medellín	1483
económicamente	1482
portugués	1481
catástrofe	1481
entierro	1480
cocinar	1479
monstruo	1477
fauna	1477
pureza	1475
elevación	1475
aceptable	1475
fatiga	1475
indicador	1474
sábana	1473
lema	1471
medieval	1471
digital	1471
hagar	1470
flexibilidad	1469
tenor	1469
apetito	1468
acogida	1467
chaqueta	1467
comprado	1466
pa	1465
colesterol	1465
certamen	1464
reunido	1463
frágil	1462
urbanización	1462
factura	1462
harto	1461
amnistía	1461
confesión	1461
despliegue	1460
cabecera	1460
delirio	1460
determinante	1459
anécdota	1457
volante	1457
bacteria	1457
divertido	1457
cumpleaños	1456
insomnio	1456
táctica	1456
subido	1456
nobleza	1455
penetración	1455
subasta	1455
suministro	1454
lógicamente	1454
melancolía	1453
lapso	1453
ferrocarril	1452
acordado	1451
huida	1451
piedad	1448
subsecretario	1447
localización	1447
automáticamente	1445
clausura	1444
escoger	1443
heroína	1440
campamento	1440
leña	1440
recaudación	1438
mérida	1437
vinagre	1437
acta	1437
mármol	1436
corrección	1436
cartón	1435
creído	1435
portada	1435
potente	1434
iluminación	1433
limpiar	1432
medianoche	1432
efectuado	1431
intuición	1431
sexualidad	1430
cd	1430
zedillo	1428
diputación	1428
catálogo	1428
escapa	1427
indignación	1427
octavio	1425
concluido	1424
vaca	1424
desempeño	1423
hongo	1419
permanentemente	1418
afiliado	1418
piscina	1418
patronal	1418
traducir	1417
pintar	1417
disolución	1416
perfume	1416
coraje	1415
palo	1415
expresamente	1414
extremadamente	1414
implacable	1413
arreglo	1413
trono	1413
xv	1413
obedecer	1412
corbata	1412
conceptual	1412
tardar	1411
exámen	1411
fortalecer	1411
seña	1410
olímpico	1409
muñeca	1409
movilidad	1409
preguntado	1409
vejez	1409
generado	1408
desfile	1408
sistemático	1407
informática	1404
leonor	1402
anualmente	1402
cotización	1402
fomentar	1401
desenlace	1400
coyuntura	1398
grabación	1397
consuelo	1397
lámpara	1397
estatura	1396
penetrar	1396
examinar	1395
predominio	1395
atenas	1395
editor	1395
cajón	1394
barato	1394
radicalmente	1393
distante	1393
delincuencia	1393
alejado	1392
sustancial	1390
relevancia	1390
aviraneta	1389
ordenamiento	1389
nombrar	1389
fabricante	1389
seminario	1388
inversionista	1388
macho	1388
consolidar	1387
baloncesto	1387
calificación	1387
seleccionar	1386
ayudante	1386
preferible	1386
ocio	1384
char	1384
plantel	1383
estimular	1381
suspender	1379
procesamiento	1377
reflexionar	1377
barroco	1377
envuelto	1376
cortado	1376
complemento	1375
ingeniería	1375
meramente	1375
muslo	1374
ascender	1374
matemático	1373
tendido	1373
hembra	1373
formalmente	1372
penal	1372
monseñor	1371
poblado	1371
vulgar	1370
invención	1370
jazz	1370
conspiración	1370
subvención	1369
maleta	1369
concedido	1368
matanza	1367
insoportable	1365
pálido	1364
atleta	1364
generosidad	1363
complutense	1362
primordial	1361
requerimiento	1361
apropiado	1360
veterano	1359
asegurado	1359
rodaje	1359
hegemonía	1357
setiembre	1357
imposición	1354
naturalidad	1354
océano	1353
inclinación	1352
rechazado	1351
fomento	1350
faena	1347
monarca	1346
feroz	1345
valiente	1344
dialéctico	1343
rastro	1342
cobro	1342
pulmón	1342
vacuna	1341
vencedor	1341
portal	1341
devolver	1341
bombero	1340
oliva	1340
dueña	1339
ángel	1339
vencido	1339
perseguir	1339
orina	1338
disgusto	1338
terremoto	1338
televisor	1337
abismo	1337
puño	1336
patata	1336
cruce	1336
lealtad	1335
monja	1335
mejoramiento	1334
aspirante	1334
mediación	1334
lucir	1332
filial	1332
bruscamente	1331
sospecho	1330
paja	1329
fracción	1329
desconocer	1326
colmo	1326
formulación	1325
bondad	1324
procurador	1324
haití	1323
molestia	1323
extraña	1323
asunción	1323
asco	1321
golfo	1320
rencor	1320
reaccionar	1320
preservar	1320
anillo	1319
interlocutor	1319
diseñado	1319
patología	1318
sonriente	1318
anselmo	1317
estrato	1316
terapéutico	1316
sobrino	1315
guerrero	1315
prestado	1315
compensación	1311
extendido	1310
japón	1310
ladrillo	1309
contundente	1308
enfermera	1308
electorado	1307
comisaría	1307
susto	1306
girar	1306
fabricar	1305
american	1305
mama	1305
ayudado	1304
desagradable	1303
cristóbal	1302
clic	1301
prejuicio	1301
comparecencia	1300
abstracción	1300
consistencia	1300
previsible	1299
arreglar	1299
camilo	1298
ente	1298
cia	1298
belga	1298
legalmente	1297
oponer	1296
monasterio	1295
degradación	1294
vestir	1294
transformado	1294
motivación	1294
indiferente	1293
cuna	1293
bandeja	1292
bruto	1292
autora	1292
anti	1291
trance	1290
poblador	1290
porqué	1288
injusto	1287
sonrer	1287
latín	1287
inevitablemente	1284
denunciado	1284
incorporado	1283
encerrado	1282
contrabando	1281
metodología	1281
levantamiento	1280
proso	1280
eternidad	1279
probado	1279
indiscutible	1278
sal	1278
naval	1277
átomo	1276
articulación	1274
impunidad	1274
relevo	1274
modesto	1273
inmigración	1272
euforia	1271
agresividad	1269
grabado	1269
picada	1269
muelle	1269
balear	1269
comparar	1268
resultante	1268
coca	1266
azulgrana	1266
ladrón	1265
conquistar	1264
atraer	1264
devoción	1263
laberinto	1263
disponibilidad	1263
puñado	1262
che	1262
extraer	1262
pasaporte	1261
supervisión	1261
ramo	1261
centavo	1260
interrumpir	1258
pinta	1258
contienda	1258
manta	1258
medina	1257
exclusión	1256
narrador	1256
recorte	1255
aristótel	1253
rotación	1252
clemente	1251
ordenación	1251
instrumental	1250
sucesivamente	1249
procesión	1249
sopa	1249
corta	1247
vestuario	1247
cima	1246
adoptado	1246
admirable	1245
armamento	1243
chimeneo	1243
descarga	1243
apoyado	1242
aspirar	1242
telecomunicación	1242
recipiente	1242
orlando	1241
pintado	1241
total	1241
conllevar	1240
bolso	1240
ida	1239
confirmación	1239
convención	1238
niñez	1238
goma	1237
sumo	1237
armario	1236
sarajevo	1236
continental	1236
genial	1236
invento	1235
caridad	1235
ceniza	1234
soñar	1233
compás	1233
objetividad	1232
negación	1231
desequilibrio	1230
originar	1230
pabellón	1230
inverso	1229
novelista	1229
comodidad	1228
etarra	1228
entraña	1228
antepasado	1228
reelección	1228
alquiler	1228
dividido	1227
alterar	1226
multa	1226
verdad	1226
camiseta	1226
profundizar	1224
siniestro	1224
añadido	1223
psicosis	1222
uruguayo	1222
razonamiento	1221
roque	1221
temática	1219
marxismo	1217
descartar	1216
recomendable	1214
llamamiento	1214
siembra	1214
mare	1213
cuantía	1213
remate	1212
diferencial	1212
vena	1212
lata	1212
estatuto	1212
confundir	1212
formular	1211
aguantar	1211
votante	1211
replicar	1210
salí	1209
molde	1209
autopista	1209
imagino	1209
derrotado	1208
verter	1207
jubilación	1207
conversar	1207
ario	1206
desconcierto	1205
pekín	1205
prólogo	1205
ratón	1203
espontáneo	1203
defensivo	1203
cráneo	1203
gravemente	1203
mejoría	1203
cristianismo	1202
relleno	1200
tinta	1200
franja	1199
párpado	1199
gratuito	1199
dividir	1198
literalmente	1198
nomás	1198
auditorio	1198
sinceridad	1197
ajedrez	1197
embarazado	1197
físicamente	1196
burlar	1196
almirante	1196
imaginario	1194
competente	1193
miserable	1193
discreción	1193
diferenciación	1192
pianista	1192
consigna	1191
semejanza	1191
deportista	1190
matrícula	1190
agonía	1190
pronunciado	1188
parroquia	1188
extracción	1188
proyectar	1187
anotar	1187
curación	1186
manto	1185
fijación	1184
especulación	1183
innovación	1183
feo	1183
provecho	1183
burocracia	1183
preferentemente	1181
patrocinio	1181
suscrito	1181
sustancialmente	1181
delgado	1181
irme	1181
expulsado	1181
compartido	1179
valía	1179
cercanía	1178
ético	1178
jamón	1177
segmento	1177
centrar	1177
operador	1177
retroceso	1177
pesar	1177
matriz	1176
caudal	1175
virtual	1174
gallina	1174
nuboso	1174
misil	1174
controlado	1173
suspendido	1173
abstracto	1173
maravilla	1172
paulatinamente	1171
esclavitud	1171
superación	1171
generoso	1171
riguroso	1170
biblia	1170
insuficiencia	1170
escudo	1170
serrano	1169
curar	1169
reparación	1169
escondido	1168
intensamente	1168
nieto	1168
bestia	1167
concretar	1166
disimular	1165
sodio	1164
voluntariamente	1164
preocupante	1164
multinacional	1164
freno	1163
homicidio	1162
hervir	1162
heredero	1161
indemnización	1160
séptimo	1160
profesorado	1160
canela	1159
paradoja	1159
inventado	1159
sencillez	1159
compensar	1158
excitación	1158
caloría	1157
estrés	1157
homosexual	1157
protegido	1156
temía	1156
afueras	1156
diligencia	1155
descender	1155
hispano	1154
celeste	1153
borrar	1153
quehacer	1153
álbum	1153
temprano	1152
relacionar	1151
involucrado	1151
arranque	1150
cómplice	1149
bail	1149
deseable	1148
inquietante	1148
legítimo	1148
feto	1147
industrialización	1147
captación	1145
acera	1144
melodía	1144
ordinario	1144
narcotraficante	1143
navegación	1143
robado	1143
iniciación	1143
brigada	1142
potable	1142
precaución	1141
inaugurar	1141
pegar	1140
gestación	1140
fianza	1139
toreo	1139
presuntamente	1139
centenario	1139
dotación	1138
monumental	1138
ilustre	1138
reparar	1137
consecución	1137
doctora	1137
ecuación	1136
mitin	1136
esconder	1135
detectado	1135
minero	1135
espíritus	1133
rescatar	1133
tomo	1133
agotado	1132
procuraduría	1132
dudar	1132
proporcional	1132
decirtir	1132
pasear	1131
desigual	1131
telón	1131
cuaderno	1131
sospechar	1130
mono	1130
cirujano	1129
vitalidad	1128
vicio	1128
yema	1128
utopía	1127
valioso	1127
mutuamente	1126
dijistir	1126
descubrimiento	1126
desempeñar	1126
reconstruir	1125
tacto	1125
enormemente	1125
veneno	1124
reconciliación	1124
vertiente	1124
estrechamente	1124
dispersión	1124
electrón	1122
lámina	1121
insólito	1121
protocolo	1120
temblor	1120
cinturón	1120
adaptar	1119
higiene	1119
palinuro	1118
someter	1118
helms	1118
triángulo	1118
criado	1117
invertido	1117
réplica	1117
aluminio	1117
américo	1116
bata	1116
confuso	1116
enteramente	1115
unánime	1115
levemente	1115
legado	1115
aviación	1114
cruzado	1114
compasión	1114
cortesía	1113
trapo	1113
convencimiento	1112
rallado	1112
coma	1112
recesión	1112
compatriota	1112
cuadra	1111
violín	1110
alcoholismo	1110
camarero	1110
textura	1109
quedo	1109
reclamo	1108
silueta	1108
ecológico	1107
explotar	1107
nacho	1107
asumido	1106
bastón	1106
especialización	1106
racionalidad	1106
metálico	1106
frontal	1105
rata	1105
depresivo	1105
crueldad	1104
retención	1104
despertado	1104
renacimiento	1104
soberbia	1104
valle	1103
auxilio	1102
convergencia	1102
saliva	1101
facción	1101
proliferación	1101
nómina	1100
olla	1100
secuestrado	1099
liquidación	1099
lienzo	1099
idiota	1099
hormona	1099
manga	1098
apreciación	1098
largamente	1098
semanario	1097
flexible	1096
desacuerdo	1096
atreverse	1096
serpiente	1095
correlación	1095
prosperidad	1094
escape	1094
fotográfico	1094
discreto	1094
ministerial	1094
cereal	1093
crucial	1093
pascual	1093
sendero	1092
canadiense	1092
nudo	1092
emisor	1091
erosión	1091
obligatorio	1090
encabezar	1090
cineasta	1090
lavar	1090
cauce	1090
flamenco	1089
rebaja	1089
polo	1089
descontento	1089
economista	1089
tope	1089
simpático	1087
indirectamente	1087
demora	1087
despejado	1087
cueva	1086
oyente	1086
encerrar	1085
hidrógeno	1084
quieto	1084
velada	1084
amargo	1084
dinámico	1083
encender	1083
administrar	1083
soltar	1082
geometría	1082
recuento	1081
tropical	1081
mostrador	1081
progresista	1081
gradual	1080
aurora	1080
cuñado	1080
prostitución	1080
liberalización	1079
tumor	1079
jacinto	1078
custodia	1078
brisa	1078
protestar	1078
cohesión	1077
extremidad	1077
mate	1077
fósil	1076
cerco	1076
cargar	1076
insulto	1075
decepción	1075
tibia	1074
cesar	1074
proseguir	1074
mayoritario	1073
liberar	1073
encendido	1073
rendir	1072
precioso	1071
nativo	1071
discrepancia	1070
viabilidad	1070
socialmente	1070
sugerencia	1070
contratar	1070
lineal	1069
vísperas	1069
explosivo	1069
agradecimiento	1068
ventanilla	1067
movido	1067
formidable	1066
descendiente	1066
renovar	1065
helado	1065
dionisio	1065
toma	1064
escogido	1064
vayas	1064
bando	1063
vener	1063
espuma	1063
vocal	1063
gigantesco	1062
batería	1062
contribuyente	1062
abastecimiento	1062
aguja	1062
codo	1061
afortunadamente	1061
inserción	1060
talante	1060
torpe	1060
precipitación	1060
recibo	1060
rodar	1059
interpretado	1059
autorizado	1058
dioso	1057
incómodo	1057
lucrecia	1057
mudo	1057
fracasado	1056
suavidad	1056
fugaz	1056
activamente	1056
regir	1056
vitoria	1055
despido	1055
prescindir	1055
francamente	1054
dominación	1054
implicación	1054
designar	1054
mozo	1054
amoro	1053
rentable	1053
resaltar	1052
calibre	1051
originalidad	1051
históricamente	1050
vestíbulo	1050
cocer	1050
lucidez	1050
fina	1050
ezequiel	1050
pipa	1049
ceja	1049
guapo	1049
rebeldía	1049
protector	1049
opositor	1048
cubrar	1048
interrogante	1047
tirado	1047
restar	1047
reproducir	1047
envergadura	1046
agitación	1046
amarguro	1046
devolución	1046
vértigo	1046
murmurar	1045
alzar	1045
disminuido	1044
certificar	1044
lío	1044
estallido	1044
extra	1043
enfermería	1042
asomar	1042
prolongación	1042
liberado	1041
excursión	1041
membrana	1041
concentrado	1041
cal	1040
capricho	1040
aconsejable	1040
ascensor	1040
cátedra	1039
dinamismo	1039
honestidad	1038
verificar	1038
contemplación	1038
falsedad	1038
sereno	1038
acumulado	1038
conformación	1037
cautela	1037
descomposición	1036
lomo	1036
viceversa	1036
chorro	1036
callado	1035
camioneta	1035
concha	1035
agresivo	1035
inventar	1034
vocero	1033
genero	1033
auxiliar	1033
biología	1033
abanico	1033
electo	1033
polémico	1032
carcajada	1032
nutrición	1032
despedir	1031
opresión	1031
comportar	1031
defendido	1031
cantabria	1031
sincero	1030
inmediaciones	1030
velo	1030
difunto	1030
reinado	1029
milla	1029
oficio	1029
encierro	1029
incumplimiento	1029
linda	1029
nutriente	1028
eguren	1028
mixto	1028
paradigma	1027
realizador	1027
consorcio	1026
saludable	1026
puntualizar	1026
refuerzo	1025
diversión	1025
fortalecimiento	1025
mezclar	1024
jaula	1024
silencioso	1024
contratado	1024
arrastrar	1023
tele	1023
saludar	1023
incipiente	1023
franquista	1022
cañón	1022
dominado	1022
patricio	1021
pastor	1021
sequía	1020
difundir	1020
contraloría	1020
show	1019
metabolismo	1019
etiqueta	1019
extraordinariamente	1019
concebir	1018
ambigüedad	1018
campana	1018
soberano	1018
súbito	1017
bulto	1017
kid	1017
promotor	1016
brindar	1016
atributo	1016
fray	1016
irreversible	1016
arterial	1015
petrolero	1014
diverso	1014
contracción	1013
rigidez	1013
itinerario	1013
cónsul	1013
sartén	1013
alfombra	1013
tribu	1013
adjunto	1012
banquero	1011
licitación	1011
desigualdad	1010
aliviar	1010
indudablemente	1010
guante	1009
adjudicación	1009
larra	1008
compadre	1008
